# Proposals a human declined, so later audits stay quiet about them.
# Columns: name, code, tag, action, baseline image hash at the time, justification.
# Read the name; the code beside it is what the script applies to, and a row whose
# name and code disagree is refused. To see a flag: https://flagfilter.com/?q=<name>
# The hash expires the rejection: when flagcdn changes the flag, the question
# was answered about a different picture and may be asked again. Delete a line
# to reopen a question early. See #174.
Andorra	ad	ribbon	add	2a1878763ac4dd15	The motto sits on a banderole under the shield.
Benin	bj	vertical	add	54647be96aa489b3	The green band at the hoist is vertical, crossing the two horizontals.
Central African Republic	cf	vertical	add	6159f6d8129dc414	The red band down the centre is vertical, crossing the four horizontals.
Guinea-Bissau	gw	vertical	add	cb9a27aa036f3436	The red band at the hoist is vertical, crossing the two horizontals.
Egypt	eg	ribbon	add	f24e6d38ff8e18a0	The country name sits on a scroll below the eagle.
Nicaragua	ni	circle	add	d91ea2ad93595053	The triangle sits inside a lettered ring.
Pitcairn Islands	pn	flag	add	27f5911746706850	The canton is the Union Jack, a flag within the flag.
Mexico	mx	waves	add	323c56a91a0e8db1	Water runs beneath the cactus, the same feature tagged waves on es.
Guadeloupe	gp	circle	add	ceafbe4dd3d38bc4	The sun's body is a large round disc; the rays are worked into its edge rather than drawn outside it.
Costa Rica	cr	shield	add	8c8041b1b2f33701	The arms sit on a shield inside an ornate gold frame.
Bhutan	bt	yellow	add	2698bcaa5c6ceb6b	The upper field reads as saffron; it is tagged orange, and both are defensible.
Northern Mariana Islands	mp	building	add	e6cd1c5f155746f6	The latte stone is a carved monument rather than a building.
Pitcairn Islands	pn	hat	add	27f5911746706850	A tilted helmet sits above the shield as the crest.
Ecuador	ec	circle	add	13890b1ccd0fefce	The sun is a small faced disc high on the oval shield; round, but barely a design element of its own.
Equatorial Guinea	gq	yellow	add	2e1a7dfb9930f6c6	Six small yellow stars stand above the arms; whether they stand out enough under the colour rule.
